host	model_driver_sha256	builder_sha256
spark0	5e9330d44ee926deb85c6289c362963d4a2ff6ba1b1aaf5c5415d71ca93d71bf	8d2c94f45b8e1bb38be776a59b62e10e6a90be70527622a4a8d1a7859a8e4057
spark1	5e9330d44ee926deb85c6289c362963d4a2ff6ba1b1aaf5c5415d71ca93d71bf	8d2c94f45b8e1bb38be776a59b62e10e6a90be70527622a4a8d1a7859a8e4057
spark2	5e9330d44ee926deb85c6289c362963d4a2ff6ba1b1aaf5c5415d71ca93d71bf	8d2c94f45b8e1bb38be776a59b62e10e6a90be70527622a4a8d1a7859a8e4057
spark3	5e9330d44ee926deb85c6289c362963d4a2ff6ba1b1aaf5c5415d71ca93d71bf	8d2c94f45b8e1bb38be776a59b62e10e6a90be70527622a4a8d1a7859a8e4057
spark4	5e9330d44ee926deb85c6289c362963d4a2ff6ba1b1aaf5c5415d71ca93d71bf	8d2c94f45b8e1bb38be776a59b62e10e6a90be70527622a4a8d1a7859a8e4057
spark5	5e9330d44ee926deb85c6289c362963d4a2ff6ba1b1aaf5c5415d71ca93d71bf	8d2c94f45b8e1bb38be776a59b62e10e6a90be70527622a4a8d1a7859a8e4057
spark6	5e9330d44ee926deb85c6289c362963d4a2ff6ba1b1aaf5c5415d71ca93d71bf	8d2c94f45b8e1bb38be776a59b62e10e6a90be70527622a4a8d1a7859a8e4057
spark7	5e9330d44ee926deb85c6289c362963d4a2ff6ba1b1aaf5c5415d71ca93d71bf	8d2c94f45b8e1bb38be776a59b62e10e6a90be70527622a4a8d1a7859a8e4057
spark8	5e9330d44ee926deb85c6289c362963d4a2ff6ba1b1aaf5c5415d71ca93d71bf	8d2c94f45b8e1bb38be776a59b62e10e6a90be70527622a4a8d1a7859a8e4057
spark9	5e9330d44ee926deb85c6289c362963d4a2ff6ba1b1aaf5c5415d71ca93d71bf	8d2c94f45b8e1bb38be776a59b62e10e6a90be70527622a4a8d1a7859a8e4057
sparka	5e9330d44ee926deb85c6289c362963d4a2ff6ba1b1aaf5c5415d71ca93d71bf	8d2c94f45b8e1bb38be776a59b62e10e6a90be70527622a4a8d1a7859a8e4057
sparkb	5e9330d44ee926deb85c6289c362963d4a2ff6ba1b1aaf5c5415d71ca93d71bf	8d2c94f45b8e1bb38be776a59b62e10e6a90be70527622a4a8d1a7859a8e4057
sparkc	5e9330d44ee926deb85c6289c362963d4a2ff6ba1b1aaf5c5415d71ca93d71bf	8d2c94f45b8e1bb38be776a59b62e10e6a90be70527622a4a8d1a7859a8e4057
