artifact	token	offset	bytes	fnv64
stage_input_embedding_sequence.bf16	0	0	12288	5cb6d6c289b34783
stage_input_embedding_sequence.bf16	1	12288	12288	dc9b049d01771775
stage_input_embedding_sequence.bf16	2	24576	12288	90b93d9fac09e5f0
stage_input_embedding_sequence.bf16	3	36864	12288	dc9b049d01771775
stage_input_embedding_sequence.bf16	4	49152	12288	90b93d9fac09e5f0
after_layer_5.bf16	0	0	12288	d0d252ef75a2ebd4
after_layer_5.bf16	1	12288	12288	4d2475f99462feff
after_layer_5.bf16	2	24576	12288	d76f48f2cc002ee9
after_layer_5.bf16	3	36864	12288	1b30b5f7e2633772
after_layer_5.bf16	4	49152	12288	d3ab5341982e9f48
after_layer_11.bf16	0	0	12288	2b1bd8a0c0a289e2
after_layer_11.bf16	1	12288	12288	8510d15e0aa1e311
after_layer_11.bf16	2	24576	12288	1d9acc2485d4d5bc
after_layer_11.bf16	3	36864	12288	80d80aeed5522243
after_layer_11.bf16	4	49152	12288	5d63c9d3f2122b8b
after_layer_17.bf16	0	0	12288	6fa97a47de6ccb65
after_layer_17.bf16	1	12288	12288	1386d63c29d92e9f
after_layer_17.bf16	2	24576	12288	e667fb5d6c648267
after_layer_17.bf16	3	36864	12288	51e82da927c18634
after_layer_17.bf16	4	49152	12288	04ec49d46da6280f
after_layer_23.bf16	0	0	12288	f3be787968a086f6
after_layer_23.bf16	1	12288	12288	98eaa273f903e5d7
after_layer_23.bf16	2	24576	12288	8441c93cdbcd3f6d
after_layer_23.bf16	3	36864	12288	7040a2f5b5f3c5d6
after_layer_23.bf16	4	49152	12288	598503cf0032c254
after_layer_29.bf16	0	0	12288	f2fcb0d1b0c10aee
after_layer_29.bf16	1	12288	12288	ae2959d86b2a82bf
after_layer_29.bf16	2	24576	12288	64c29bb41326b7fd
after_layer_29.bf16	3	36864	12288	e57f7fd1d040bffb
after_layer_29.bf16	4	49152	12288	5dbec976c9b55bac
after_layer_35.bf16	0	0	12288	7605d05bef13bac6
after_layer_35.bf16	1	12288	12288	ce3167a538dcd4ad
after_layer_35.bf16	2	24576	12288	6f4044b0b05fc3be
after_layer_35.bf16	3	36864	12288	0178ba9a7c56fa8f
after_layer_35.bf16	4	49152	12288	1b66a386adb56f4b
after_layer_41.bf16	0	0	12288	ae5ad580c8d1f1b5
after_layer_41.bf16	1	12288	12288	8daf9d9605545114
after_layer_41.bf16	2	24576	12288	a03cd76bfe113ed8
after_layer_41.bf16	3	36864	12288	ebc03bd22c7ed565
after_layer_41.bf16	4	49152	12288	9f30fe95a8fa175a
after_layer_47.bf16	0	0	12288	58809018897c488e
after_layer_47.bf16	1	12288	12288	71a2007ed755ad12
after_layer_47.bf16	2	24576	12288	8f7a2ce9d218137b
after_layer_47.bf16	3	36864	12288	21d8365c9c85f419
after_layer_47.bf16	4	49152	12288	efe2b54af83d72b7
after_layer_53.bf16	0	0	12288	01e1fb965b92bd14
after_layer_53.bf16	1	12288	12288	09f32f2a9d002c6f
after_layer_53.bf16	2	24576	12288	37ee1cd3365d3a8f
after_layer_53.bf16	3	36864	12288	940f9c7c88b2d1b7
after_layer_53.bf16	4	49152	12288	41d13b21d4bfcbe9
after_layer_59.bf16	0	0	12288	2eb64f469cf609d4
after_layer_59.bf16	1	12288	12288	27d36e48606c2d52
after_layer_59.bf16	2	24576	12288	50ec3506f31690ba
after_layer_59.bf16	3	36864	12288	043aae689bb0806f
after_layer_59.bf16	4	49152	12288	f0b54407835169bd
after_layer_65.bf16	0	0	12288	121aa521ddef03b7
after_layer_65.bf16	1	12288	12288	d6e07d5f6e908004
after_layer_65.bf16	2	24576	12288	77496381eb8cf6f2
after_layer_65.bf16	3	36864	12288	5a8ee8e99c128170
after_layer_65.bf16	4	49152	12288	e142e8fbaa31c4c7
after_layer_71.bf16	0	0	12288	532800ec63d21fd2
after_layer_71.bf16	1	12288	12288	b3f24bebc6e2b083
after_layer_71.bf16	2	24576	12288	b585f47f0c4eac53
after_layer_71.bf16	3	36864	12288	d06a567c0803a5f0
after_layer_71.bf16	4	49152	12288	6c0f13851f23c679
after_layer_77.bf16	0	0	12288	e31fa34a2bcaad3c
after_layer_77.bf16	1	12288	12288	eeba30304a41f125
after_layer_77.bf16	2	24576	12288	1a8675071cdbb689
after_layer_77.bf16	3	36864	12288	d145ec482f089930
after_layer_77.bf16	4	49152	12288	0bff1573217ca732
